rider_class,count,mean,median,std
All Rounder,323,37.68730650154799,12.0,63.961639754729845
Climber,437,20.169336384439358,6.0,43.44725445838263
Sprinter,551,15.036297640653357,0.0,41.83224667530989
Unclassed,2185,6.419679633867277,0.0,23.282527305602926
